descriptor,expected_improvement,fingerprint,fitness,niche_index,pedigree,predicted_fitness,predicted_uncertainty,smiles
"[0.655033315042424, 0.8123766666666671, 0.6061428571428571, 0.8914500000000005]",,[0 0 0 ... 0 0 0],1.0,,"('database', 'no reaction', 'no parent')",,,Cc1c(C)c2c(c(C)c1O)CCC(C)(COc1ccc(CC3SC(=O)NC3=O)cc1)O2
"[0.6036358242303029, 0.6217766666666669, 0.6920714285714286, 0.8419466666666673]",0.9999999996061935,[0 0 0 ... 0 0 0],0.7916666666666666,37.0,"('mutation', '[#16:1]>>[#7:1]', 'Cc1c(C)c2c(c(C)c1O)CCC(C)(COc1ccc(CC3SC(=O)NC3=O)cc1)O2')",0.9999999996061935,7.897411449399624e-10,Cc1c(C)c2c(c(C)c1O)CCC(C)(COc1ccc(CC3NC(=O)NC3=O)cc1)O2
"[0.3126286643878786, 0.7809600000000007, 0.4208571428571429, 0.5919288888888894]",0.9999999996061932,[0 0 0 ... 0 0 0],0.6521739130434783,50.0,"('crossover', 'Cc1c(C)c2c(c(C)c1O)CCC(C)(COc1ccc(CC3SC(=O)NC3=O)cc1)O2', 'Cc1c(C)c2c(c(C)c1O)CCC(C)(COc1ccc(CC3SC(=O)NC3=O)cc1)O2')",0.9999999996061932,7.897416921905547e-10,Cc1c(C)c2c(c(C)c1O)CCC(C)(COc1ccc(O)cc1)O2
"[0.7035027532848485, 0.6763566666666668, 0.7506428571428571, 0.9046255555555561]",0.9999999996061938,[0 0 0 ... 0 0 0],0.8421052631578947,78.0,"('mutation', '[*;!H0;!R:1]>>[*:1]-O', 'Cc1c(C)c2c(c(C)c1O)CCC(C)(COc1ccc(CC3SC(=O)NC3=O)cc1)O2')",0.9999999996061938,7.897403806781351e-10,Cc1c(O)c(CO)c(C)c2c1CCC(C)(COc1ccc(CC3SC(=O)NC3=O)cc1)O2
"[0.35510033124848467, 0.7454100000000006, 0.4208571428571429, 0.6392400000000005]",0.9999999996061933,[0 0 0 ... 0 0 0],0.7032967032967034,83.0,"('crossover', 'Cc1c(C)c2c(c(C)c1O)CCC(C)(COc1ccc(CC3SC(=O)NC3=O)cc1)O2', 'Cc1c(C)c2c(c(C)c1O)CCC(C)(COc1ccc(CC3SC(=O)NC3=O)cc1)O2')",0.9999999996061933,7.897414000116993e-10,Cc1c(C)c2c(c(C)c1O)CCC(C)(COc1ccc(CO)cc1)O2
"[0.07897458871515152, 0.41323333333333334, 0.3957142857142857, 0.29147444444444487]",0.9999999996061928,[0 0 0 ... 0 0 0],0.4888888888888889,125.0,"('crossover', 'Cc1c(C)c2c(c(C)c1O)CCC(C)(COc1ccc(CC3SC(=O)NC3=O)cc1)O2', 'Cc1c(C)c2c(c(C)c1O)CCC(C)(COc1ccc(CC3SC(=O)NC3=O)cc1)O2')",0.9999999996061928,7.897428349345268e-10,CCOc1ccc(CC2SC(=O)NC2=O)cc1
