acquisition_value,descriptor,fitness,niche_index,pedigree,predicted_fitness,predicted_uncertainty,smiles
,"[0.5247467081575757, 0.8824066666666673, 0.49742857142857144, 0.8310722222222224]",0.359993972944908,14,"('database', 'no reaction', 'database')",,,Cc1cc(CC2SC(=O)NC2=O)cc(C)c1N(C)c1ccc(O)c(C(C)C)c1
,"[0.6036358242303029, 0.7971400000000007, 0.7774285714285716, 0.8321377777777782]",0.21100539070008856,38,"('database', 'no reaction', 'database')",,,Cc1c(C)c2c(c(Cc3noc(CCc4ccc(O)c(O)c4)n3)c1O)CCC(C)(C)O2
,"[0.5129152373575755, 0.8593600000000007, 0.17814285714285716, 0.8838666666666674]",0.15481250024344703,40,"('database', 'no reaction', 'database')",,,COc1ccc(CN2CCN(c3c(C)c(C)c4c(c3C)CC(C)(C)O4)CC2)cc1
,"[0.7457341296121212, 0.6441366666666669, 0.7827142857142858, 0.8932500000000004]",0.18589566274391456,78,"('database', 'no reaction', 'database')",,,Cc1oc(-c2ccccc2)nc1CN(C)S(=O)(=O)c1ccc(CC2SC(=O)NC2=O)cc1
,"[0.48216478218181824, 0.5546200000000002, 0.6035714285714285, 0.7107211111111112]",0.27211310027788554,83,"('database', 'no reaction', 'database')",,,COc1ccc(CC2SC(=O)NC2=O)cc1C(=O)NCc1ccc(C)cc1
,"[0.3975719981090907, 0.8520066666666675, 0.4208571428571429, 0.6963955555555562]",0.20775237069772,108,"('database', 'no reaction', 'database')",,,COc1c(C)c(C)c2c(c1CCc1ccc(O)c(O)c1)CCC(C)(C)O2
,"[0.515710625090909, 0.7217733333333339, 0.7187857142857144, 0.7610933333333337]",0.22710819167580823,115,"('database', 'no reaction', 'database')",,,Cc1c(C)c2c(c(-c3cn(Cc4ccc(O)c(O)c4)nn3)c1O)CCC(C)(C)O2
,"[0.4672071463030303, 0.770243333333334, 0.37078571428571433, 0.7699777777777781]",0.1595097614420998,130,"('database', 'no reaction', 'database')",,,COc1ccc(CCN2COc3c(cc4c(C)c(C)c(=O)oc4c3C)C2)cc1
