acquisition_value,descriptor,fitness,niche_index,pedigree,predicted_fitness,predicted_uncertainty,smiles
,"[0.6172090273866666, 0.923373333333334, 0.5408571428571429, 0.702295555555556]",0.3644067796610169,14,"('database', 'no reaction', 'database')",,,Cc1c(C)c2c(c(-c3cc(-c4ccc(O)cc4)no3)c1O)CCC(C)(C)O2
,"[0.7672805731066664, 0.8375100000000008, 0.6202857142857144, 0.7939644444444448]",0.37398373983739835,18,"('database', 'no reaction', 'database')",,,COc1ccc(-c2nnc(C3(C)CCc4c(C)c(O)c(C)c(C)c4O3)o2)cc1OC
,"[0.7142067610933331, 0.8426933333333341, 0.17814285714285716, 0.8838666666666674]",0.35772357723577236,71,"('database', 'no reaction', 'database')",,,COc1ccc(CN2CCN(c3c(C)c(C)c4c(c3C)CC(C)(C)O4)CC2)cc1
,"[0.8337328580799998, 0.48941666666666667, 0.7354285714285714, 0.803687777777778]",0.3492063492063492,78,"('database', 'no reaction', 'database')",,,COc1ccc(CNC(=O)c2cc(CC3SC(=O)NC3=O)ccc2OC)cc1OC
,"[0.7236987569600001, 0.5758333333333335, 0.5889285714285716, 0.740685555555556]",0.4188034188034188,80,"('database', 'no reaction', 'database')",,,COc1ccc2nc(COc3ccc(CC4SC(=O)NC4=O)cc3)n(C)c2c1
,"[0.4937702457999999, 0.5928733333333336, 0.5427857142857143, 0.5473233333333335]",0.4074074074074074,83,"('database', 'no reaction', 'database')",,,COc1ccc(CC2COc3c(C)c(O)c(C)c(O)c3C2=O)cc1
,"[0.56389264532, 0.9354766666666676, 0.3963571428571429, 0.6728644444444447]",0.39473684210526316,108,"('database', 'no reaction', 'database')",,,Cc1c(C)c2c(c(C)c1O)CCC(C)(c1cc(-c3ccccc3)on1)O2
,"[0.17701731113333333, 0.28174999999999994, 0.3957142857142857, 0.250796666666667]",0.35353535353535354,125,"('database', 'no reaction', 'database')",,,CCOc1ccc(CC2CC(=O)NC2=O)cc1
,"[0.8606590460666667, 0.9957733333333344, 0.49742857142857144, 0.960705555555556]",0.3790322580645161,135,"('database', 'no reaction', 'database')",,,Cc1cc(CC2SC(=O)NC2=O)cc(C)c1N(CC1CC1)c1ccc(O)c(C(C)C)c1
