acquisition_value,descriptor,fingerprint,fitness,niche_index,pedigree,predicted_fitness,predicted_uncertainty,smiles
,"[0.5247467081575757, 0.8824066666666673, 0.49742857142857144, 0.8310722222222224]",[0 1 0 ... 0 0 0],0.28927773818851926,,"('database', 'no reaction', 'no parent')",,,Cc1cc(CC2SC(=O)NC2=O)cc(C)c1N(C)c1ccc(O)c(C(C)C)c1
,"[0.5129152373575755, 0.8593600000000007, 0.17814285714285716, 0.8838666666666674]",[0 0 0 ... 0 0 0],0.14210168279719027,,"('database', 'no reaction', 'no parent')",,,COc1ccc(CN2CCN(c3c(C)c(C)c4c(c3C)CC(C)(C)O4)CC2)cc1
,"[0.3155907575030302, 0.8142600000000008, 0.3962857142857143, 0.6292577777777781]",[0 0 0 ... 0 0 0],0.23160983483466194,,"('database', 'no reaction', 'no parent')",,,Cc1c(C)c2c(c(C)c1N)CC(C)(CSc1ccc(O)cc1)O2
,"[0.6941849312242425, 0.6529833333333336, 0.6695, 0.7323433333333335]",[0 0 0 ... 0 0 0],0.20202937752749295,,"('database', 'no reaction', 'no parent')",,,COc1ccc(CC2SC(=O)NC2=O)cc1C(=O)NCc1ccc(OC(F)(F)F)cc1
,"[0.36098784351515134, 0.5595700000000002, 0.6087142857142857, 0.5674900000000002]",[0 0 0 ... 1 0 0],0.14414172193550995,,"('database', 'no reaction', 'no parent')",,,COc1ccc(CC2COc3c(OC)c(O)c(C)c(O)c3C2=O)cc1
,"[0.37626604120000007, 0.9521433333333342, 0.3963571428571429, 0.6728644444444447]",[0 0 1 ... 0 0 0],0.1416529901544577,,"('database', 'no reaction', 'no parent')",,,Cc1c(C)c2c(c(C)c1O)CCC(C)(c1cc(-c3ccccc3)no1)O2
,"[0.5608898262909089, 0.7421033333333337, 0.7314999999999999, 0.7406355555555559]",[0 0 0 ... 0 0 0],0.17287734414388536,,"('database', 'no reaction', 'no parent')",,,Cc1oc(-c2ccco2)nc1CCC(=O)c1ccc(CC2SC(=O)NC2=O)cc1
,"[0.4672071463030303, 0.9905400000000008, 0.4622857142857143, 0.7565977777777781]",[0 0 0 ... 0 0 0],0.15420803111200193,,"('database', 'no reaction', 'no parent')",,,COc1ccc(-c2cc(-c3c(O)c(C)c(C)c4c3CCC(C)(C)O4)on2)cc1
