acquisition_value,descriptor,fitness,niche_index,pedigree,predicted_fitness,predicted_uncertainty,smiles
0.0,"[0.6033076803030304, 0.8964866666666672, 0.5157142857142857, 0.8463077777777782]",0.10775549170673354,14,"('database', 'no reaction', 'database')",0.0,0.0,Cc1oc(-c2ccccc2)nc1CCSc1ccc(CC2SC(=O)NC2=O)cc1
0.0,"[0.6215753255272725, 0.5060833333333333, 0.7354285714285714, 0.803687777777778]",0.10242046525711665,21,"('database', 'no reaction', 'database')",0.0,0.0,COc1ccc(CNC(=O)c2cc(CC3SC(=O)NC3=O)ccc2OC)cc1OC
0.0,"[0.5701240218666669, 0.5142166666666669, 0.6267142857142857, 0.817276666666667]",0.072914772750307,37,"('database', 'no reaction', 'database')",0.0,0.0,COc1ccc(CC2SC(=O)NC2=O)cc1C(=O)NCc1ccc(N(C)C)cc1
0.0,"[0.5129152373575755, 0.8593600000000007, 0.17814285714285716, 0.8838666666666674]",0.030528438990352763,40,"('database', 'no reaction', 'database')",0.0,0.0,COc1ccc(CN2CCN(c3c(C)c(C)c4c(c3C)CC(C)(C)O4)CC2)cc1
0.0,"[0.2639884018909091, 0.7756266666666671, 0.36028571428571426, 0.5285088888888891]",0.029910358547476347,50,"('database', 'no reaction', 'database')",0.0,0.0,Cc1c(O)c(C)c2cc(Cc3ccc(F)cc3)c(=O)oc2c1C
0.0,"[0.48216478218181824, 0.5546200000000002, 0.6035714285714285, 0.7107211111111112]",0.1263071341846507,83,"('database', 'no reaction', 'database')",0.0,0.0,COc1ccc(CC2SC(=O)NC2=O)cc1C(=O)NCc1ccc(C)cc1
0.0,"[0.512584460012121, 0.9738066666666675, 0.7045, 0.7577355555555559]",0.03964629324109635,115,"('database', 'no reaction', 'database')",0.0,0.0,Cc1c(C)c2c(c(-c3cc(-c4ccc([N+](=O)[O-])cc4)no3)c1O)CCC(C)(C)O2
0.0,"[0.024561191939393937, 0.2984166666666666, 0.3957142857142857, 0.250796666666667]",0.025679904341398847,125,"('database', 'no reaction', 'database')",0.0,0.0,CCOc1ccc(CC2CC(=O)NC2=O)cc1
0.0,"[0.4672071463030303, 0.9905400000000008, 0.4622857142857143, 0.7565977777777781]",0.024453870211301416,130,"('database', 'no reaction', 'database')",0.0,0.0,COc1ccc(-c2cc(-c3c(O)c(C)c(C)c4c3CCC(C)(C)O4)on2)cc1
