generation,maximum fitness,mean fitness,quality diversity score,coverage,function calls,max_err,mse,mae
0,0.36069612828942793,0.22407201842595278,3.137008257963339,9.333333333333334,28,nan,nan,nan
1,0.4028824858581038,0.23112863440423415,8.320630838552429,24.0,281,0.4028824858581038,0.04809273287929383,0.2114796530138447
2,0.4030465396709789,0.24487785714110574,10.28486999992644,28.000000000000004,518,0.4030465396709789,0.05220481047852741,0.2211032984152205
3,0.4030465396709789,0.24653499710434224,11.587144863904085,31.333333333333336,760,0.3692008318427937,0.05529573494071666,0.2283900725799302
4,0.4030465396709789,0.25336958737466986,12.415109781358822,32.666666666666664,1015,0.3707646376473947,0.056826935534265065,0.23195661124223663
5,0.4030465396709789,0.2602703021400745,13.013515107003727,33.33333333333333,1253,0.392504216822815,0.05425206574338181,0.2259836375276372
6,0.4030465396709789,0.2658490736528795,13.292453682643977,33.33333333333333,1500,0.3539609501677325,0.054996454112894624,0.2283964939750083
