acquisition_value,descriptor,fitness,niche_index,pedigree,predicted_fitness,predicted_uncertainty,smiles
0.0,"[0.2700467384121211, 0.5590400000000003, 0.6213571428571429, 0.4930211111111114]",0.2175487682242726,2,"('database', 'no reaction', 'database')",0.0,0.0,Cc1c(O)c(C)c2c(c1O)C(=O)C(Cc1ccc(O)cc1)CO2
0.0,"[0.5247467081575757, 0.8824066666666673, 0.49742857142857144, 0.8310722222222224]",0.359993972944908,14,"('database', 'no reaction', 'database')",0.0,0.0,Cc1cc(CC2SC(=O)NC2=O)cc(C)c1N(C)c1ccc(O)c(C(C)C)c1
0.0,"[0.5129152373575755, 0.8593600000000007, 0.17814285714285716, 0.8838666666666674]",0.15481250024344703,40,"('database', 'no reaction', 'database')",0.0,0.0,COc1ccc(CN2CCN(c3c(C)c(C)c4c(c3C)CC(C)(C)O4)CC2)cc1
0.0,"[0.3155907575030302, 0.8142600000000008, 0.3962857142857143, 0.6292577777777781]",0.26120303151683344,50,"('database', 'no reaction', 'database')",0.0,0.0,Cc1c(C)c2c(c(C)c1N)CC(C)(CSc1ccc(O)cc1)O2
0.0,"[0.42473547944242424, 0.9400400000000007, 0.5408571428571429, 0.702295555555556]",0.23779971814959974,67,"('database', 'no reaction', 'database')",0.0,0.0,Cc1c(C)c2c(c(-c3cc(-c4ccc(O)cc4)no3)c1O)CCC(C)(C)O2
0.0,"[0.48216478218181824, 0.5546200000000002, 0.6035714285714285, 0.7107211111111112]",0.27211310027788554,83,"('database', 'no reaction', 'database')",0.0,0.0,COc1ccc(CC2SC(=O)NC2=O)cc1C(=O)NCc1ccc(C)cc1
0.0,"[0.37626604120000007, 0.9521433333333342, 0.3963571428571429, 0.6728644444444447]",0.16909175931121126,108,"('database', 'no reaction', 'database')",0.0,0.0,Cc1c(C)c2c(c(C)c1O)CCC(C)(c1cc(-c3ccccc3)no1)O2
0.0,"[0.512584460012121, 0.9738066666666675, 0.7045, 0.7577355555555559]",0.20599867574277075,115,"('database', 'no reaction', 'database')",0.0,0.0,Cc1c(C)c2c(c(-c3cc(-c4ccc([N+](=O)[O-])cc4)no3)c1O)CCC(C)(C)O2
0.0,"[0.4672071463030303, 0.9905400000000008, 0.4622857142857143, 0.7565977777777781]",0.18392771831370192,130,"('database', 'no reaction', 'database')",0.0,0.0,COc1ccc(-c2cc(-c3c(O)c(C)c(C)c4c3CCC(C)(C)O4)on2)cc1
