generation,maximum fitness,mean fitness,quality diversity score,coverage,function calls,max_err,mse,mae
0,0.359993972944908,0.22916547163607,2.06248924472463,6.0,25,nan,nan,nan
1,0.3875999300485628,0.22637544666943193,6.112137060074662,18.0,207,0.3875999300485628,0.05558698271693194,0.2279995787598791
2,0.3942122442954873,0.2337657046960404,8.883096778449536,25.333333333333336,421,0.3942122442954873,0.056479419528364105,0.23022513458331695
3,0.3942122442954873,0.24159646396210263,9.905455022446208,27.333333333333332,604,0.36973092088871845,0.056291068630594965,0.2305682385369459
4,0.3942122442954873,0.2382332510597163,11.673429301926099,32.666666666666664,792,0.3568228275887066,0.054221919170429,0.22419811549307694
5,0.3942122442954873,0.23932241330282109,12.923410318352339,36.0,1038,0.37255682106268406,0.05610935851419359,0.22961938141865793
6,0.3942122442954873,0.24064764300618488,14.438858580371093,40.0,1270,0.35743986979171843,0.05095645177174994,0.21997963263962295
7,0.40138220280861325,0.235879785631811,15.803945637331337,44.666666666666664,1473,0.40138220280861325,0.0449578697505573,0.20275332121720338
8,0.40138220280861325,0.23645591817088504,15.842546517449298,44.666666666666664,1500,0.3357047805792577,0.06286849403765413,0.24438675047239058
