generation,maximum fitness,mean fitness,quality diversity score,coverage,function calls,max_err,mse,mae
0,0.359993972944908,0.22838282868160675,2.5122111154976743,7.333333333333333,24,nan,nan,nan
1,0.40138220280861325,0.22824694260818942,6.390914393029304,18.666666666666668,207,0.40138220280861325,0.05547578660427832,0.22628504375267083
2,0.40138220280861325,0.23945633111648995,8.380971589077149,23.333333333333332,468,0.38656664538108876,0.050021423517365424,0.21698157257797
3,0.40138220280861325,0.24054151951176309,9.862202299982286,27.333333333333332,725,0.3777625022643093,0.059869149158280996,0.2372063689023163
4,0.41447852706758076,0.24599896341630154,11.069953353733569,30.0,974,0.41447852706758076,0.06134400732255464,0.23879287093576598
5,0.41447852706758076,0.25195770331496276,11.842012055803249,31.333333333333336,1258,0.38934351611013424,0.054716653812785856,0.22641102388200693
6,0.4243805487095861,0.25696605916578596,12.334370839957726,32.0,1500,0.4243805487095861,0.062376954784867544,0.24154011145312493
