acquisition_value,descriptor,fitness,niche_index,pedigree,predicted_fitness,predicted_uncertainty,smiles
0.0,"[0.6095797827636364, 0.7194666666666673, 0.6035714285714285, 0.8658655555555558]",0.1129720199021727,14,"('database', 'no reaction', 'database')",0.0,0.0,COc1ccc(CC2SC(=O)NC2=O)cc1C(=O)NCc1ccc(C(C)(C)C)cc1
0.0,"[0.6215753255272725, 0.5060833333333333, 0.7354285714285714, 0.803687777777778]",0.10242046525711665,21,"('database', 'no reaction', 'database')",0.0,0.0,COc1ccc(CNC(=O)c2cc(CC3SC(=O)NC3=O)ccc2OC)cc1OC
0.0,"[0.5129152373575755, 0.8593600000000007, 0.17814285714285716, 0.8838666666666674]",0.030528438990352763,40,"('database', 'no reaction', 'database')",0.0,0.0,COc1ccc(CN2CCN(c3c(C)c(C)c4c(c3C)CC(C)(C)O4)CC2)cc1
0.0,"[0.2639884018909091, 0.7756266666666671, 0.36028571428571426, 0.5285088888888891]",0.029910358547476347,50,"('database', 'no reaction', 'database')",0.0,0.0,Cc1c(O)c(C)c2cc(Cc3ccc(F)cc3)c(=O)oc2c1C
0.0,"[0.5189130087393936, 0.688826666666667, 0.3226428571428572, 0.8655088888888894]",0.0224011426269783,53,"('database', 'no reaction', 'database')",0.0,0.0,COc1ccc(N2CCN(c3c(C)c(C)c4c(c3C)CC(C)(CO)O4)CC2)cc1
0.0,"[0.36098784351515134, 0.5595700000000002, 0.6087142857142857, 0.5674900000000002]",0.021912038751215755,83,"('database', 'no reaction', 'database')",0.0,0.0,COc1ccc(CC2COc3c(OC)c(O)c(C)c(O)c3C2=O)cc1
0.0,"[0.512584460012121, 0.9738066666666675, 0.7045, 0.7577355555555559]",0.03964629324109635,115,"('database', 'no reaction', 'database')",0.0,0.0,Cc1c(C)c2c(c(-c3cc(-c4ccc([N+](=O)[O-])cc4)no3)c1O)CCC(C)(C)O2
0.0,"[0.024561191939393937, 0.2984166666666666, 0.3957142857142857, 0.250796666666667]",0.025679904341398847,125,"('database', 'no reaction', 'database')",0.0,0.0,CCOc1ccc(CC2CC(=O)NC2=O)cc1
0.0,"[0.4672071463030303, 0.770243333333334, 0.37078571428571433, 0.7699777777777781]",0.023686874189033272,130,"('database', 'no reaction', 'database')",0.0,0.0,COc1ccc(CCN2COc3c(cc4c(C)c(C)c(=O)oc4c3C)C2)cc1
