acquisition_value,descriptor,fitness,niche_index,pedigree,predicted_fitness,predicted_uncertainty,smiles
0.0,"[0.5247467081575757, 0.8824066666666673, 0.49742857142857144, 0.8310722222222224]",0.359993972944908,14,"('database', 'no reaction', 'database')",0.0,0.0,Cc1cc(CC2SC(=O)NC2=O)cc(C)c1N(C)c1ccc(O)c(C(C)C)c1
0.0,"[0.3521184658303031, 0.9505766666666675, 0.3963571428571429, 0.6258977777777783]",0.1853958492198947,50,"('database', 'no reaction', 'database')",0.0,0.0,Cc1c(C)c2c(c(C)c1O)CCC(C)(c1cc(C3CCCC3)on1)O2
0.0,"[0.5277285735757575, 0.9514900000000007, 0.5402142857142858, 0.793605555555556]",0.36069612828942793,67,"('database', 'no reaction', 'database')",0.0,0.0,Cc1ccc(CC2CC(=O)NC(=O)S2)c(C)c1Oc1ccc(O)c(C(C)C)c1
0.0,"[0.7457341296121212, 0.6441366666666669, 0.7827142857142858, 0.8932500000000004]",0.18589566274391456,78,"('database', 'no reaction', 'database')",0.0,0.0,Cc1oc(-c2ccccc2)nc1CN(C)S(=O)(=O)c1ccc(CC2SC(=O)NC2=O)cc1
0.0,"[0.37626604120000007, 0.9521433333333342, 0.3963571428571429, 0.6728644444444447]",0.16909175931121126,108,"('database', 'no reaction', 'database')",0.0,0.0,Cc1c(C)c2c(c(C)c1O)CCC(C)(c1cc(-c3ccccc3)no1)O2
0.0,"[0.515710625090909, 0.7217733333333339, 0.7187857142857144, 0.7610933333333337]",0.22710819167580823,115,"('database', 'no reaction', 'database')",0.0,0.0,Cc1c(C)c2c(c(-c3cn(Cc4ccc(O)c(O)c4)nn3)c1O)CCC(C)(C)O2
0.0,"[0.024561191939393937, 0.2984166666666666, 0.3957142857142857, 0.250796666666667]",0.14528088200725706,125,"('database', 'no reaction', 'database')",0.0,0.0,CCOc1ccc(CC2CC(=O)NC2=O)cc1
0.0,"[0.4672071463030303, 0.9905400000000008, 0.4622857142857143, 0.7565977777777781]",0.18392771831370192,130,"('database', 'no reaction', 'database')",0.0,0.0,COc1ccc(-c2cc(-c3c(O)c(C)c(C)c4c3CCC(C)(C)O4)on2)cc1
