acquisition_value,descriptor,fitness,niche_index,pedigree,predicted_fitness,predicted_uncertainty,smiles
0.0,"[0.6095797827636364, 0.7194666666666673, 0.6035714285714285, 0.8658655555555558]",0.1129720199021727,14,"('database', 'no reaction', 'database')",0.0,0.0,COc1ccc(CC2SC(=O)NC2=O)cc1C(=O)NCc1ccc(C(C)(C)C)cc1
0.0,"[0.6215753255272725, 0.5060833333333333, 0.7354285714285714, 0.803687777777778]",0.10242046525711665,21,"('database', 'no reaction', 'database')",0.0,0.0,COc1ccc(CNC(=O)c2cc(CC3SC(=O)NC3=O)ccc2OC)cc1OC
0.0,"[0.5701240218666669, 0.5142166666666669, 0.6267142857142857, 0.817276666666667]",0.072914772750307,37,"('database', 'no reaction', 'database')",0.0,0.0,COc1ccc(CC2SC(=O)NC2=O)cc1C(=O)NCc1ccc(N(C)C)cc1
0.0,"[0.26722482608484827, 0.8599266666666673, 0.2517857142857143, 0.5835933333333337]",0.06563513211471464,50,"('database', 'no reaction', 'database')",0.0,0.0,Cc1c(C)c2c(c(C)c1N)CC(C)(CCc1ccc(F)cc1)O2
0.0,"[0.42473547944242424, 0.9400400000000007, 0.5408571428571429, 0.702295555555556]",0.024138492746162834,67,"('database', 'no reaction', 'database')",0.0,0.0,Cc1c(C)c2c(c(-c3cc(-c4ccc(O)cc4)on3)c1O)CCC(C)(C)O2
0.0,"[0.7457341296121212, 0.6441366666666669, 0.7827142857142858, 0.8932500000000004]",0.12791173310582152,78,"('database', 'no reaction', 'database')",0.0,0.0,Cc1oc(-c2ccccc2)nc1CN(C)S(=O)(=O)c1ccc(CC2SC(=O)NC2=O)cc1
0.0,"[0.31251840527272723, 0.6095400000000003, 0.5427857142857143, 0.5473233333333335]",0.022291476479793033,83,"('database', 'no reaction', 'database')",0.0,0.0,COc1ccc(CC2COc3c(C)c(O)c(C)c(O)c3C2=O)cc1
0.0,"[0.5608898262909089, 0.7421033333333337, 0.7314999999999999, 0.7406355555555559]",0.12126624074091077,115,"('database', 'no reaction', 'database')",0.0,0.0,Cc1oc(-c2ccco2)nc1CCC(=O)c1ccc(CC2SC(=O)NC2=O)cc1
0.0,"[0.4672071463030303, 0.770243333333334, 0.37078571428571433, 0.7699777777777781]",0.023686874189033272,130,"('database', 'no reaction', 'database')",0.0,0.0,COc1ccc(CCN2COc3c(cc4c(C)c(C)c(=O)oc4c3C)C2)cc1
