acquisition_value,descriptor,fitness,niche_index,pedigree,predicted_fitness,predicted_uncertainty,smiles
,"[0.5942715972363637, 0.6623533333333335, 0.7235714285714286, 0.8101100000000004]",0.13356548291115908,14,"('database', 'no reaction', 'database')",,,Cc1oc(-c2ccccc2)nc1CNC(=O)c1ccc(CC2SC(=O)NC2=O)cc1
,"[0.5701240218666669, 0.5142166666666669, 0.6267142857142857, 0.817276666666667]",0.072914772750307,37,"('database', 'no reaction', 'database')",,,COc1ccc(CC2SC(=O)NC2=O)cc1C(=O)NCc1ccc(N(C)C)cc1
,"[0.5189130087393936, 0.688826666666667, 0.3226428571428572, 0.8655088888888894]",0.0224011426269783,53,"('database', 'no reaction', 'database')",,,COc1ccc(N2CCN(c3c(C)c(C)c4c(c3C)CC(C)(CO)O4)CC2)cc1
,"[0.7218506697818182, 0.8995000000000006, 0.8120714285714286, 0.9852633333333336]",0.08661657748337245,72,"('database', 'no reaction', 'database')",,,Cc1ccc(NC(=O)C2(C)CCc3c(C)c(O)c(C)c(C)c3O2)cc1NC(=O)c1cnoc1C
,"[0.48216478218181824, 0.5546200000000002, 0.6035714285714285, 0.7107211111111112]",0.1263071341846507,83,"('database', 'no reaction', 'database')",,,COc1ccc(CC2SC(=O)NC2=O)cc1C(=O)NCc1ccc(C)cc1
,"[0.3975719981090907, 0.8520066666666675, 0.4208571428571429, 0.6963955555555562]",0.02676816395206364,108,"('database', 'no reaction', 'database')",,,COc1c(C)c(C)c2c(c1CCc1ccc(O)c(O)c1)CCC(C)(C)O2
,"[0.5125844600121211, 0.9738066666666675, 0.7045, 0.7577355555555559]",0.04181724950890885,115,"('database', 'no reaction', 'database')",,,Cc1c(C)c2c(c(-c3cc(-c4ccc([N+](=O)[O-])cc4)on3)c1O)CCC(C)(C)O2
,"[0.024561191939393937, 0.2984166666666666, 0.3957142857142857, 0.250796666666667]",0.025679904341398847,125,"('database', 'no reaction', 'database')",,,CCOc1ccc(CC2CC(=O)NC2=O)cc1
,"[0.4672071463030303, 0.770243333333334, 0.37078571428571433, 0.7699777777777781]",0.023686874189033272,130,"('database', 'no reaction', 'database')",,,COc1ccc(CCN2COc3c(cc4c(C)c(C)c(=O)oc4c3C)C2)cc1
